{
  "openapi": "3.0.0",
  "info": {
    "version": "1.0.0",
    "title": "API de Gestão Escolar",
    "description": ""
  },
  "servers": [
    {
      "url": "http://localhost:3000"
    }
  ],
  "paths": {
    "/": {
      "get": {
        "description": "",
        "responses": {
          "200": {
            "description": "OK"
          }
        }
      }
    },
    "/appointments/": {
      "get": {
        "tags": [
          "appointments"
        ],
        "description": "",
        "parameters": [
          {
            "name": "Filtro de busca",
            "in": "query",
            "required": false,
            "type": "object",
            "schema": {
              "$ref": "#/components/schemas/appointment"
            },
            "style": "form",
            "explode": true
          }
        ],
        "responses": {
          "200": {
            "description": "OK"
          },
          "400": {
            "description": "Bad Request"
          },
          "404": {
            "description": "Not Found"
          }
        }
      },
      "post": {
        "tags": [
          "appointments"
        ],
        "description": "",
        "responses": {
          "200": {
            "description": "OK"
          },
          "400": {
            "description": "Bad Request"
          }
        },
        "requestBody": {
          "required": true,
          "content": {
            "application/json": {
              "schema": {
                "$ref": "#/components/schemas/appointment"
              }
            }
          }
        }
      }
    },
    "/appointments/{id}": {
      "put": {
        "tags": [
          "appointments"
        ],
        "description": "",
        "parameters": [
          {
            "name": "id",
            "in": "path",
            "required": true,
            "schema": {
              "type": "string"
            }
          }
        ],
        "responses": {
          "200": {
            "description": "OK"
          },
          "400": {
            "description": "Bad Request"
          },
          "404": {
            "description": "Not Found"
          }
        },
        "requestBody": {
          "required": true,
          "content": {
            "application/json": {
              "schema": {
                "$ref": "#/components/schemas/appointment"
              }
            }
          }
        }
      },
      "delete": {
        "tags": [
          "appointments"
        ],
        "description": "",
        "parameters": [
          {
            "name": "id",
            "in": "path",
            "required": true,
            "schema": {
              "type": "string"
            }
          }
        ],
        "responses": {
          "200": {
            "description": "OK"
          },
          "404": {
            "description": "Not Found"
          }
        }
      }
    },
    "/events/": {
      "get": {
        "tags": [
          "events"
        ],
        "description": "",
        "parameters": [
          {
            "name": "Filtro de busca",
            "in": "query",
            "required": false,
            "type": "object",
            "schema": {
              "$ref": "#/components/schemas/event"
            },
            "style": "form",
            "explode": true
          }
        ],
        "responses": {
          "200": {
            "description": "OK"
          },
          "400": {
            "description": "Bad Request"
          },
          "404": {
            "description": "Not Found"
          }
        }
      },
      "post": {
        "tags": [
          "events"
        ],
        "description": "",
        "responses": {
          "200": {
            "description": "OK"
          },
          "400": {
            "description": "Bad Request"
          }
        },
        "requestBody": {
          "required": true,
          "content": {
            "application/json": {
              "schema": {
                "$ref": "#/components/schemas/event"
              }
            }
          }
        }
      }
    },
    "/events/{id}": {
      "put": {
        "tags": [
          "events"
        ],
        "description": "",
        "parameters": [
          {
            "name": "id",
            "in": "path",
            "required": true,
            "schema": {
              "type": "string"
            }
          }
        ],
        "responses": {
          "200": {
            "description": "OK"
          },
          "400": {
            "description": "Bad Request"
          },
          "404": {
            "description": "Not Found"
          }
        },
        "requestBody": {
          "required": true,
          "content": {
            "application/json": {
              "schema": {
                "$ref": "#/components/schemas/event"
              }
            }
          }
        }
      },
      "delete": {
        "tags": [
          "events"
        ],
        "description": "",
        "parameters": [
          {
            "name": "id",
            "in": "path",
            "required": true,
            "schema": {
              "type": "string"
            }
          }
        ],
        "responses": {
          "200": {
            "description": "OK"
          },
          "404": {
            "description": "Not Found"
          }
        }
      }
    },
    "/professionals/": {
      "get": {
        "tags": [
          "professionals"
        ],
        "description": "",
        "parameters": [
          {
            "name": "Filtro de busca",
            "in": "query",
            "required": false,
            "type": "object",
            "schema": {
              "$ref": "#/components/schemas/professional"
            },
            "style": "form",
            "explode": true
          }
        ],
        "responses": {
          "200": {
            "description": "OK"
          },
          "400": {
            "description": "Bad Request"
          },
          "404": {
            "description": "Not Found"
          }
        }
      },
      "post": {
        "tags": [
          "professionals"
        ],
        "description": "",
        "responses": {
          "200": {
            "description": "OK"
          },
          "400": {
            "description": "Bad Request"
          }
        },
        "requestBody": {
          "required": true,
          "content": {
            "application/json": {
              "schema": {
                "$ref": "#/components/schemas/professional"
              }
            }
          }
        }
      }
    },
    "/professionals/{id}": {
      "put": {
        "tags": [
          "professionals"
        ],
        "description": "",
        "parameters": [
          {
            "name": "id",
            "in": "path",
            "required": true,
            "schema": {
              "type": "string"
            }
          }
        ],
        "responses": {
          "200": {
            "description": "OK"
          },
          "400": {
            "description": "Bad Request"
          },
          "404": {
            "description": "Not Found"
          }
        },
        "requestBody": {
          "required": true,
          "content": {
            "application/json": {
              "schema": {
                "$ref": "#/components/schemas/professional"
              }
            }
          }
        }
      },
      "delete": {
        "tags": [
          "professionals"
        ],
        "description": "",
        "parameters": [
          {
            "name": "id",
            "in": "path",
            "required": true,
            "schema": {
              "type": "string"
            }
          }
        ],
        "responses": {
          "200": {
            "description": "OK"
          },
          "404": {
            "description": "Not Found"
          }
        }
      }
    },
    "/students/": {
      "get": {
        "tags": [
          "students"
        ],
        "description": "",
        "parameters": [
          {
            "name": "Filtro de busca",
            "in": "query",
            "required": false,
            "type": "object",
            "schema": {
              "$ref": "#/components/schemas/student"
            },
            "style": "form",
            "explode": true
          }
        ],
        "responses": {
          "200": {
            "description": "OK"
          },
          "400": {
            "description": "Bad Request"
          },
          "404": {
            "description": "Not Found"
          }
        }
      },
      "post": {
        "tags": [
          "students"
        ],
        "description": "",
        "responses": {
          "200": {
            "description": "OK"
          },
          "400": {
            "description": "Bad Request"
          }
        },
        "requestBody": {
          "required": true,
          "content": {
            "application/json": {
              "schema": {
                "$ref": "#/components/schemas/student"
              }
            }
          }
        }
      }
    },
    "/students/{id}": {
      "put": {
        "tags": [
          "students"
        ],
        "description": "",
        "parameters": [
          {
            "name": "id",
            "in": "path",
            "required": true,
            "schema": {
              "type": "string"
            }
          }
        ],
        "responses": {
          "200": {
            "description": "OK"
          },
          "400": {
            "description": "Bad Request"
          },
          "404": {
            "description": "Not Found"
          }
        },
        "requestBody": {
          "required": true,
          "content": {
            "application/json": {
              "schema": {
                "$ref": "#/components/schemas/student"
              }
            }
          }
        }
      },
      "delete": {
        "tags": [
          "students"
        ],
        "description": "",
        "parameters": [
          {
            "name": "id",
            "in": "path",
            "required": true,
            "schema": {
              "type": "string"
            }
          }
        ],
        "responses": {
          "200": {
            "description": "OK"
          },
          "404": {
            "description": "Not Found"
          }
        }
      }
    },
    "/teachers/": {
      "get": {
        "tags": [
          "teachers"
        ],
        "description": "",
        "parameters": [
          {
            "name": "Filtro de busca",
            "in": "query",
            "required": false,
            "type": "object",
            "schema": {
              "$ref": "#/components/schemas/teacher"
            },
            "style": "form",
            "explode": true
          }
        ],
        "responses": {
          "200": {
            "description": "OK"
          },
          "400": {
            "description": "Bad Request"
          },
          "404": {
            "description": "Not Found"
          }
        }
      },
      "post": {
        "tags": [
          "teachers"
        ],
        "description": "",
        "responses": {
          "200": {
            "description": "OK"
          },
          "400": {
            "description": "Bad Request"
          }
        },
        "requestBody": {
          "required": true,
          "content": {
            "application/json": {
              "schema": {
                "$ref": "#/components/schemas/teacher"
              }
            }
          }
        }
      }
    },
    "/teachers/{id}": {
      "put": {
        "tags": [
          "teachers"
        ],
        "description": "",
        "parameters": [
          {
            "name": "id",
            "in": "path",
            "required": true,
            "schema": {
              "type": "string"
            }
          }
        ],
        "responses": {
          "200": {
            "description": "OK"
          },
          "400": {
            "description": "Bad Request"
          },
          "404": {
            "description": "Not Found"
          }
        },
        "requestBody": {
          "required": true,
          "content": {
            "application/json": {
              "schema": {
                "$ref": "#/components/schemas/teacher"
              }
            }
          }
        }
      },
      "delete": {
        "tags": [
          "teachers"
        ],
        "description": "",
        "parameters": [
          {
            "name": "id",
            "in": "path",
            "required": true,
            "schema": {
              "type": "string"
            }
          }
        ],
        "responses": {
          "200": {
            "description": "OK"
          },
          "404": {
            "description": "Not Found"
          }
        }
      }
    },
    "/users/": {
      "get": {
        "tags": [
          "users"
        ],
        "description": "",
        "parameters": [
          {
            "name": "Filtro de busca",
            "in": "query",
            "required": false,
            "type": "object",
            "schema": {
              "$ref": "#/components/schemas/user"
            },
            "style": "form",
            "explode": true
          }
        ],
        "responses": {
          "200": {
            "description": "OK"
          },
          "400": {
            "description": "Bad Request"
          },
          "404": {
            "description": "Not Found"
          }
        }
      },
      "post": {
        "tags": [
          "users"
        ],
        "description": "",
        "responses": {
          "200": {
            "description": "OK"
          },
          "400": {
            "description": "Bad Request"
          }
        },
        "requestBody": {
          "required": true,
          "content": {
            "application/json": {
              "schema": {
                "$ref": "#/components/schemas/user"
              }
            }
          }
        }
      }
    },
    "/users/{id}": {
      "put": {
        "tags": [
          "users"
        ],
        "description": "",
        "parameters": [
          {
            "name": "id",
            "in": "path",
            "required": true,
            "schema": {
              "type": "string"
            }
          }
        ],
        "responses": {
          "200": {
            "description": "OK"
          },
          "400": {
            "description": "Bad Request"
          },
          "404": {
            "description": "Not Found"
          }
        },
        "requestBody": {
          "required": true,
          "content": {
            "application/json": {
              "schema": {
                "$ref": "#/components/schemas/user"
              }
            }
          }
        }
      },
      "delete": {
        "tags": [
          "users"
        ],
        "description": "",
        "parameters": [
          {
            "name": "id",
            "in": "path",
            "required": true,
            "schema": {
              "type": "string"
            }
          }
        ],
        "responses": {
          "200": {
            "description": "OK"
          },
          "404": {
            "description": "Not Found"
          }
        }
      }
    }
  },
  "components": {
    "schemas": {
      "user": {
        "type": "object",
        "properties": {
          "name": {
            "type": "string",
            "example": "Andre Faria Ruaro"
          },
          "email": {
            "type": "string",
            "example": "andre.ruaro@unesc.net"
          },
          "user": {
            "type": "string",
            "example": "andre.ruaro"
          },
          "pwd": {
            "type": "string",
            "example": "7a6cc1282c5f6ec0235acd2bfa780145aaskem5n"
          },
          "level": {
            "type": "string",
            "example": "admin"
          },
          "status": {
            "type": "string",
            "example": "on"
          }
        },
        "required": [
          "name",
          "email",
          "user",
          "pwd"
        ]
      },
      "appointment": {
        "type": "object",
        "properties": {
          "specialty": {
            "type": "string",
            "example": "Fisioterapeuta"
          },
          "comments": {
            "type": "string",
            "example": "Realizar sessão"
          },
          "date": {
            "type": "string",
            "example": "2023-08-15 16:00:00"
          },
          "student": {
            "type": "string",
            "example": "Bingo Heeler"
          },
          "professional": {
            "type": "string",
            "example": "Winton Blake"
          }
        },
        "required": [
          "date",
          "student",
          "professional"
        ]
      },
      "teacher": {
        "type": "object",
        "properties": {
          "name": {
            "type": "string",
            "example": "Judite Heeler"
          },
          "schoolDiscipline": {
            "type": "string",
            "example": "Artes, Português"
          },
          "contact": {
            "type": "string",
            "example": "j.heeler@gmail"
          },
          "phoneNumber": {
            "type": "string",
            "example": "48 9696 5858"
          },
          "status": {
            "type": "string",
            "example": "on"
          }
        },
        "required": [
          "name",
          "schoolDiscipline",
          "contact",
          "phoneNumber"
        ]
      },
      "student": {
        "type": "object",
        "properties": {
          "name": {
            "type": "string",
            "example": "Bingo Heeler"
          },
          "age": {
            "type": "number",
            "example": 6
          },
          "parents": {
            "type": "string",
            "example": "Bandit Heeler e Chilli Heeler"
          },
          "phoneNumber": {
            "type": "string",
            "example": "48 9696 5858"
          },
          "specialNeeds": {
            "type": "string",
            "example": "Síndrome de Down"
          },
          "status": {
            "type": "string",
            "example": "on"
          }
        },
        "required": [
          "name",
          "age",
          "parents",
          "phoneNumber",
          "specialNeeds"
        ]
      },
      "professional": {
        "type": "object",
        "properties": {
          "name": {
            "type": "string",
            "example": "Winton Blake"
          },
          "specialty": {
            "type": "string",
            "example": "Fisioterapeuta"
          },
          "contact": {
            "type": "string",
            "example": "w.blake@gmail"
          },
          "phoneNumber": {
            "type": "string",
            "example": "48 9696 5858"
          },
          "status": {
            "type": "string",
            "example": "on"
          }
        },
        "required": [
          "name",
          "specialty",
          "contact",
          "phoneNumber"
        ]
      },
      "event": {
        "type": "object",
        "properties": {
          "description": {
            "type": "string",
            "example": "Palestra bem viver com saúde"
          },
          "comments": {
            "type": "string",
            "example": "Profissionais de saúde da Unesc"
          },
          "date": {
            "type": "string",
            "example": "2023-08-15 16:00:00"
          }
        },
        "required": [
          "description",
          "date"
        ]
      }
    }
  }
}