[
    {
        "id": 3,
        "name": "joaaao",
        "email": "sdasd@asad.com",
        "user": "aaa",
        "pwd": "aaa",
        "level": "user",
        "status": "on"
    },
    {
        "id": 1,
        "name": "asdasd",
        "email": "sdasd@asad.com",
        "user": "aaa",
        "pwd": "aaa",
        "level": "user",
        "status": "on"
    },
    {
        "id": 2,
        "name": "Andre Faria Ruaro",
        "email": "andre.ruaro@unesc.net",
        "user": "andre.ruaro",
        "pwd": "7a6cc1282c5f6ec0235acd2bfa780145aaskem5n",
        "level": "admin",
        "status": "on"
    },
    {
        "id": 4,
        "name": "Andre Faria Ruaroo",
        "email": "andre.ruaro@unesc.net",
        "user": "andre.ruaro",
        "pwd": "7a6cc1282c5f6ec0235acd2bfa780145aaskem5n",
        "level": "admin",
        "status": "on"
    },
    {
        "id": 5,
        "name": "Andre Faria Ruarooo",
        "email": "andre.ruaro@unesc.net",
        "user": "andre.ruaro",
        "pwd": "7a6cc1282c5f6ec0235acd2bfa780145aaskem5n",
        "level": "admin",
        "status": "on"
    }
]
